<metadata xml:lang="fr"><Esri><CreaDate>20151130</CreaDate><CreaTime>10595200</CreaTime><ArcGISFormat>1.0</ArcGISFormat><ArcGISstyle>INSPIRE Metadata Directive</ArcGISstyle><SyncOnce>FALSE</SyncOnce><DataProperties><lineage><Process ToolSource="c:\program files (x86)\arcgis\desktop10.2\ArcToolbox\Toolboxes\Data Management Tools.tbx\CreateFeatureclass" Date="20151130" Time="105952" Name="" export="">CreateFeatureclass D:\UA2012\RELIVRAISON\MODELE_GDB_NEW.gdb\JCE OCS_UA2012 POLYGON \\ua2012\ua2012\Lien_vers_hd6\20_LIVRAISONS\LIVRAISON_20151124\FR042L2_DUNKERQUE\FR042L2_DUNKERQUE.gdb\FR042L2_DUNKERQUE\FR042L2_DUNKERQUE_UA2012 DISABLED DISABLED "{B286C06B-0879-11D2-AACA-00C04FA33C20};-450359962737.05 -450359962737.05 10000;#;#;0.001;#;#;IsHighPrecision" # 0 0 0</Process><Process Name="Classe d’entités vers classe d’entités (4)" ToolSource="c:\program files (x86)\arcgis\desktop10.2\ArcToolbox\Toolboxes\Conversion Tools.tbx\FeatureClassToFeatureClass" Date="20151205" Time="102048" export="">FeatureClassToFeatureClass D:\UA2012\RELIVRAISON\MODELE_GDB_NEW.gdb\JCE\OCS_UA2012 D:\UA2012\RELIVRAISON\FUA_2012\NL505L1_Maastricht\RELIVRAISON\NL505L1_MAASTRICHT_topo.gdb\NL505L1_MAASTRICHT NL505L1_MAASTRICHT_UA2012 # "COUNTRY "COUNTRY" true true false 50 Text 0 0 ,First,#,D:\UA2012\RELIVRAISON\MODELE_GDB_NEW.gdb\JCE\OCS_UA2012,COUNTRY,-1,-1;CITIES "CITIES" true true false 254 Text 0 0 ,First,#,D:\UA2012\RELIVRAISON\MODELE_GDB_NEW.gdb\JCE\OCS_UA2012,CITIES,-1,-1;FUA_OR_CIT "FUA_OR_CIT" true true false 254 Text 0 0 ,First,#,D:\UA2012\RELIVRAISON\MODELE_GDB_NEW.gdb\JCE\OCS_UA2012,FUA_OR_CIT,-1,-1;CODE2012 "CODE2012" true true false 7 Text 0 0 ,First,#,D:\UA2012\RELIVRAISON\MODELE_GDB_NEW.gdb\JCE\OCS_UA2012,CODE2012,-1,-1;ITEM2012 "ITEM2012" true true false 150 Text 0 0 ,First,#,D:\UA2012\RELIVRAISON\MODELE_GDB_NEW.gdb\JCE\OCS_UA2012,ITEM2012,-1,-1;PROD_DATE "PROD_DATE" true true false 4 Text 0 0 ,First,#,D:\UA2012\RELIVRAISON\MODELE_GDB_NEW.gdb\JCE\OCS_UA2012,PROD_DATE,-1,-1;IDENT "IDENT" true true false 30 Text 0 0 ,First,#,D:\UA2012\RELIVRAISON\MODELE_GDB_NEW.gdb\JCE\OCS_UA2012,IDENT,-1,-1;Shape_Length "Shape_Length" false true true 8 Double 0 0 ,First,#,D:\UA2012\RELIVRAISON\MODELE_GDB_NEW.gdb\JCE\OCS_UA2012,Shape_Length,-1,-1;Shape_Area "Shape_Area" false true true 8 Double 0 0 ,First,#,D:\UA2012\RELIVRAISON\MODELE_GDB_NEW.gdb\JCE\OCS_UA2012,Shape_Area,-1,-1" #</Process><Process Name="Ajouter (3)" ToolSource="c:\program files (x86)\arcgis\desktop10.2\ArcToolbox\Toolboxes\Data Management Tools.tbx\Append" Date="20151205" Time="102203" export="">Append D:\UA2012\RELIVRAISON\FUA_2012\NL505L1_Maastricht\RELIVRAISON\NL505L1_MAASTRICHT_topo.gdb\NL505L1_MAASTRICHT\NL505L1_MAASTRICHT_UA2012combi D:\UA2012\RELIVRAISON\FUA_2012\NL505L1_Maastricht\RELIVRAISON\NL505L1_MAASTRICHT_topo.gdb\NL505L1_MAASTRICHT\NL505L1_MAASTRICHT_UA2012 NO_TEST "COUNTRY "COUNTRY" true true false 50 Text 0 0 ,First,#,D:\UA2012\RELIVRAISON\FUA_2012\NL505L1_Maastricht\RELIVRAISON\NL505L1_MAASTRICHT_topo.gdb\NL505L1_MAASTRICHT\NL505L1_MAASTRICHT_UA2012combi,COUNTRY,-1,-1;CITIES "CITIES" true true false 254 Text 0 0 ,First,#,D:\UA2012\RELIVRAISON\FUA_2012\NL505L1_Maastricht\RELIVRAISON\NL505L1_MAASTRICHT_topo.gdb\NL505L1_MAASTRICHT\NL505L1_MAASTRICHT_UA2012combi,CITIES,-1,-1;FUA_OR_CIT "FUA_OR_CIT" true true false 254 Text 0 0 ,First,#,D:\UA2012\RELIVRAISON\FUA_2012\NL505L1_Maastricht\RELIVRAISON\NL505L1_MAASTRICHT_topo.gdb\NL505L1_MAASTRICHT\NL505L1_MAASTRICHT_UA2012combi,FUA_OR_CIT,-1,-1;CODE2012 "CODE2012" true true false 7 Text 0 0 ,First,#,D:\UA2012\RELIVRAISON\FUA_2012\NL505L1_Maastricht\RELIVRAISON\NL505L1_MAASTRICHT_topo.gdb\NL505L1_MAASTRICHT\NL505L1_MAASTRICHT_UA2012combi,CODE2012,-1,-1;ITEM2012 "ITEM2012" true true false 150 Text 0 0 ,First,#,D:\UA2012\RELIVRAISON\FUA_2012\NL505L1_Maastricht\RELIVRAISON\NL505L1_MAASTRICHT_topo.gdb\NL505L1_MAASTRICHT\NL505L1_MAASTRICHT_UA2012combi,ITEM2012,-1,-1;PROD_DATE "PROD_DATE" true true false 4 Text 0 0 ,First,#,D:\UA2012\RELIVRAISON\FUA_2012\NL505L1_Maastricht\RELIVRAISON\NL505L1_MAASTRICHT_topo.gdb\NL505L1_MAASTRICHT\NL505L1_MAASTRICHT_UA2012combi,PROD_DATE,-1,-1;IDENT "IDENT" true true false 30 Text 0 0 ,First,#,D:\UA2012\RELIVRAISON\FUA_2012\NL505L1_Maastricht\RELIVRAISON\NL505L1_MAASTRICHT_topo.gdb\NL505L1_MAASTRICHT\NL505L1_MAASTRICHT_UA2012combi,IDENT,-1,-1;Shape_Length "Shape_Length" false true true 8 Double 0 0 ,First,#,D:\UA2012\RELIVRAISON\FUA_2012\NL505L1_Maastricht\RELIVRAISON\NL505L1_MAASTRICHT_topo.gdb\NL505L1_MAASTRICHT\NL505L1_MAASTRICHT_UA2012combi,Shape_Length,-1,-1;Shape_Area "Shape_Area" false true true 8 Double 0 0 ,First,#,D:\UA2012\RELIVRAISON\FUA_2012\NL505L1_Maastricht\RELIVRAISON\NL505L1_MAASTRICHT_topo.gdb\NL505L1_MAASTRICHT\NL505L1_MAASTRICHT_UA2012combi,Shape_Area,-1,-1" #</Process><Process ToolSource="c:\program files (x86)\arcgis\desktop10.5\ArcToolbox\Toolboxes\Data Management Tools.tbx\AddField" Date="20190823" Time="171624">AddField F:\UA_Redel_2017\InputFolder\LatestFUA\CompiledFUAs2\NL505L1_MAASTRICHT\NL505L1_MAASTRICHT.gdb\NL505L1_MAASTRICHT_UA2012 Pop2012 LONG # # # # NULLABLE NON_REQUIRED #</Process><Process ToolSource="c:\program files (x86)\arcgis\desktop10.5\ArcToolbox\Toolboxes\Data Management Tools.tbx\CopyFeatures" Date="20190826" Time="195540">CopyFeatures F:\UA_Redel_2017\InputFolder\LatestFUA\CompiledFUAs\NL505L1_MAASTRICHT\NL505L1_MAASTRICHT.gdb\NL505L1_MAASTRICHT\NL505L1_MAASTRICHT_UA2012 F:\UA_Downloads\UA2012_tmpFold\NL505L1_MAASTRICHT_UA2012.shp # 0 0 0</Process></lineage><itemProps><itemName Sync="TRUE">NL505L1_MAASTRICHT_UA2012</itemName><itemLocation><linkage Sync="TRUE">file://\\EEAPC9207\F$\UA_Downloads\UA2012_tmpFold\NL505L1_MAASTRICHT_UA2012.shp</linkage><protocol Sync="TRUE">Local Area Network</protocol></itemLocation><nativeExtBox><westBL Sync="TRUE">4014062.357800</westBL><eastBL Sync="TRUE">4031576.241700</eastBL><southBL Sync="TRUE">3080065.105500</southBL><northBL Sync="TRUE">3101150.983900</northBL><exTypeCode Sync="TRUE">1</exTypeCode></nativeExtBox><imsContentType Sync="TRUE">002</imsContentType><itemSize Sync="TRUE">0.000</itemSize></itemProps><coordRef><type Sync="TRUE">Projected</type><geogcsn Sync="TRUE">GCS_ETRS_1989</geogcsn><csUnits Sync="TRUE">Linear Unit: Meter (1.000000)</csUnits><projcsn Sync="TRUE">ETRS_1989_LAEA</projcsn><peXml Sync="TRUE">&lt;ProjectedCoordinateSystem xsi:type='typens:ProjectedCoordinateSystem' xmlns:xsi='http://www.w3.org/2001/XMLSchema-instance' xmlns:xs='http://www.w3.org/2001/XMLSchema' xmlns:typens='http://www.esri.com/schemas/ArcGIS/10.5'&gt;&lt;WKT&gt;PROJCS[&amp;quot;ETRS_1989_LAEA&amp;quot;,GEOGCS[&amp;quot;GCS_ETRS_1989&amp;quot;,DATUM[&amp;quot;D_ETRS_1989&amp;quot;,SPHEROID[&amp;quot;GRS_1980&amp;quot;,6378137.0,298.257222101]],PRIMEM[&amp;quot;Greenwich&amp;quot;,0.0],UNIT[&amp;quot;Degree&amp;quot;,0.0174532925199433]],PROJECTION[&amp;quot;Lambert_Azimuthal_Equal_Area&amp;quot;],PARAMETER[&amp;quot;False_Easting&amp;quot;,4321000.0],PARAMETER[&amp;quot;False_Northing&amp;quot;,3210000.0],PARAMETER[&amp;quot;Central_Meridian&amp;quot;,10.0],PARAMETER[&amp;quot;Latitude_Of_Origin&amp;quot;,52.0],UNIT[&amp;quot;Meter&amp;quot;,1.0],AUTHORITY[&amp;quot;EPSG&amp;quot;,3035]]&lt;/WKT&gt;&lt;XOrigin&gt;-8426600&lt;/XOrigin&gt;&lt;YOrigin&gt;-9526700&lt;/YOrigin&gt;&lt;XYScale&gt;353290001.83332509&lt;/XYScale&gt;&lt;ZOrigin&gt;-100000&lt;/ZOrigin&gt;&lt;ZScale&gt;10000&lt;/ZScale&gt;&lt;MOrigin&gt;-100000&lt;/MOrigin&gt;&lt;MScale&gt;10000&lt;/MScale&gt;&lt;XYTolerance&gt;0.001&lt;/XYTolerance&gt;&lt;ZTolerance&gt;0.001&lt;/ZTolerance&gt;&lt;MTolerance&gt;0.001&lt;/MTolerance&gt;&lt;HighPrecision&gt;true&lt;/HighPrecision&gt;&lt;WKID&gt;3035&lt;/WKID&gt;&lt;LatestWKID&gt;3035&lt;/LatestWKID&gt;&lt;/ProjectedCoordinateSystem&gt;</peXml></coordRef></DataProperties><SyncDate>20190826</SyncDate><SyncTime>19553800</SyncTime><ModDate>20190826</ModDate><ModTime>19553800</ModTime><scaleRange><minScale>50000</minScale><maxScale>5000</maxScale></scaleRange><ArcGISProfile>INSPIRE</ArcGISProfile></Esri><eainfo><detailed Name="NL505L1_MAASTRICHT_UA2012"><enttyp><enttypl Sync="TRUE">NL505L1_MAASTRICHT_UA2012</enttypl><enttypt Sync="TRUE">Feature Class</enttypt><enttypc Sync="TRUE">0</enttypc></enttyp><attr><attrlabl Sync="TRUE">FID</attrlabl><attalias Sync="TRUE">FID</attalias><attrtype Sync="TRUE">OID</attrtype><attwidth Sync="TRUE">4</attwidth><atprecis Sync="TRUE">0</atprecis><attscale Sync="TRUE">0</attscale><attrdef Sync="TRUE">Internal feature number.</attrdef><attrdefs Sync="TRUE">Esri</attrdefs><attrdomv><udom Sync="TRUE">Sequential unique whole numbers that are automatically generated.</udom></attrdomv></attr><attr><attrlabl Sync="TRUE">Shape</attrlabl><attalias Sync="TRUE">Shape</attalias><attrtype Sync="TRUE">Geometry</attrtype><attwidth Sync="TRUE">0</attwidth><atprecis Sync="TRUE">0</atprecis><attscale Sync="TRUE">0</attscale><attrdef Sync="TRUE">Feature geometry.</attrdef><attrdefs Sync="TRUE">Esri</attrdefs><attrdomv><udom Sync="TRUE">Coordinates defining the features.</udom></attrdomv></attr><attr><attrlabl Sync="TRUE">COUNTRY</attrlabl><attalias Sync="TRUE">COUNTRY</attalias><attrtype Sync="TRUE">String</attrtype><attwidth Sync="TRUE">50</attwidth><atprecis Sync="TRUE">0</atprecis><attscale Sync="TRUE">0</attscale></attr><attr><attrlabl Sync="TRUE">CITIES</attrlabl><attalias Sync="TRUE">CITIES</attalias><attrtype Sync="TRUE">String</attrtype><attwidth Sync="TRUE">254</attwidth><atprecis Sync="TRUE">0</atprecis><attscale Sync="TRUE">0</attscale></attr><attr><attrlabl Sync="TRUE">FUA_OR_CIT</attrlabl><attalias Sync="TRUE">FUA_OR_CIT</attalias><attrtype Sync="TRUE">String</attrtype><attwidth Sync="TRUE">254</attwidth><atprecis Sync="TRUE">0</atprecis><attscale Sync="TRUE">0</attscale></attr><attr><attrlabl Sync="TRUE">CODE2012</attrlabl><attalias Sync="TRUE">CODE2012</attalias><attrtype Sync="TRUE">String</attrtype><attwidth Sync="TRUE">7</attwidth><atprecis Sync="TRUE">0</atprecis><attscale Sync="TRUE">0</attscale></attr><attr><attrlabl Sync="TRUE">ITEM2012</attrlabl><attalias Sync="TRUE">ITEM2012</attalias><attrtype Sync="TRUE">String</attrtype><attwidth Sync="TRUE">150</attwidth><atprecis Sync="TRUE">0</atprecis><attscale Sync="TRUE">0</attscale></attr><attr><attrlabl Sync="TRUE">PROD_DATE</attrlabl><attalias Sync="TRUE">PROD_DATE</attalias><attrtype Sync="TRUE">String</attrtype><attwidth Sync="TRUE">4</attwidth><atprecis Sync="TRUE">0</atprecis><attscale Sync="TRUE">0</attscale></attr><attr><attrlabl Sync="TRUE">IDENT</attrlabl><attalias Sync="TRUE">IDENT</attalias><attrtype Sync="TRUE">String</attrtype><attwidth Sync="TRUE">30</attwidth><atprecis Sync="TRUE">0</atprecis><attscale Sync="TRUE">0</attscale></attr><attr><attrlabl Sync="TRUE">Shape_Leng</attrlabl><attalias Sync="TRUE">Shape_Leng</attalias><attrtype Sync="TRUE">Double</attrtype><attwidth Sync="TRUE">19</attwidth><atprecis Sync="TRUE">0</atprecis><attscale Sync="TRUE">0</attscale></attr><attr><attrlabl Sync="TRUE">Shape_Area</attrlabl><attalias Sync="TRUE">Shape_Area</attalias><attrtype Sync="TRUE">Double</attrtype><attwidth Sync="TRUE">19</attwidth><atprecis Sync="TRUE">0</atprecis><attscale Sync="TRUE">0</attscale><attrdef Sync="TRUE">Area of feature in internal units squared.</attrdef><attrdefs Sync="TRUE">Esri</attrdefs><attrdomv><udom Sync="TRUE">Positive real numbers that are automatically generated.</udom></attrdomv></attr><attr><attrlabl Sync="TRUE">Pop2012</attrlabl><attalias Sync="TRUE">Pop2012</attalias><attrtype Sync="TRUE">Integer</attrtype><attwidth Sync="TRUE">10</attwidth><atprecis Sync="TRUE">10</atprecis><attscale Sync="TRUE">0</attscale></attr></detailed></eainfo><mdLang><languageCode value="eng"/><countryCode value="GBR" Sync="TRUE"/></mdLang><mdChar><CharSetCd value="004"/></mdChar><mdHrLv><ScopeCd value="005"/></mdHrLv><mdHrLvName Sync="TRUE">dataset</mdHrLvName><mdContact><rpIndName>Lionel MEQUIGNON</rpIndName><rpOrgName>SIRS</rpOrgName><rpPosName>Project Manager</rpPosName><rpCntInfo><cntAddress><delPoint>27 RUE DU CARROUSEL</delPoint><city>VILLENEUVE D'ASCQ</city><postCode>59650</postCode><country>FR</country><eMailAdd>info@sirs-fr.com</eMailAdd></cntAddress></rpCntInfo><role><RoleCd value="007"/></role></mdContact><mdDateSt Sync="TRUE">20190826</mdDateSt><mdStanName>ArcGIS Metadata</mdStanName><mdStanVer>1.0</mdStanVer><distInfo><distFormat><formatName Sync="TRUE">Shapefile</formatName><formatVer>10.1</formatVer></distFormat><distTranOps><transSize Sync="TRUE">0.000</transSize></distTranOps></distInfo><dataIdInfo><idCitation xmlns=""><resTitle Sync="TRUE">NL505L1_MAASTRICHT_UA2012</resTitle><resAltTitle>MAASTRICHT - NL</resAltTitle><date><createDate>2013-11-14T00:00:00</createDate></date><resEd>01</resEd><presForm xmlns=""><PresFormCd value="005"/></presForm></idCitation><idAbs>&lt;DIV STYLE="text-align:Left;"&gt;&lt;DIV&gt;&lt;P&gt;&lt;SPAN&gt;Land use/cover of Functional Urban Area - MAASTRICHT&lt;/SPAN&gt;&lt;SPAN&gt; - NL&lt;/SPAN&gt;&lt;/P&gt;&lt;/DIV&gt;&lt;/DIV&gt;</idAbs><idPoC><rpIndName>Lionel MEQUIGNON</rpIndName><rpOrgName>SIRS</rpOrgName><rpPosName>Project Manager</rpPosName><rpCntInfo><cntAddress><delPoint>27 RUE DU CARROUSEL</delPoint><city>VILLENEUVE D'ASCQ</city><postCode>59650</postCode><country>FR</country><eMailAdd>info@sirs-fr.com</eMailAdd></cntAddress></rpCntInfo><role><RoleCd value="007"/></role></idPoC><otherKeys><keyword>classification</keyword><keyword>remote sensing</keyword><keyword>Cartography</keyword><keyword>CAPI</keyword><keyword>land use</keyword><keyword>land cover</keyword></otherKeys><searchKeys><keyword>classification</keyword><keyword>remote sensing</keyword><keyword>Cartography</keyword><keyword>CAPI</keyword><keyword>land use</keyword><keyword>land cover</keyword></searchKeys><resConst><LegConsts><othConsts>no limitations on public access</othConsts></LegConsts></resConst><resConst><Consts><useLimit>&lt;DIV STYLE="text-align:Left;"&gt;&lt;DIV&gt;&lt;P&gt;&lt;SPAN&gt;no conditions apply to access and use&lt;/SPAN&gt;&lt;/P&gt;&lt;/DIV&gt;&lt;/DIV&gt;</useLimit></Consts></resConst><spatRpType><SpatRepTypCd value="001"/></spatRpType><dataScale><equScale><rfDenom>10000</rfDenom></equScale></dataScale><dataLang><languageCode value="fre"/><countryCode value="GBR" Sync="TRUE"/></dataLang><dataChar><CharSetCd value="004"/></dataChar><envirDesc Sync="TRUE">Microsoft Windows 7 Version 6.1 (Build 7601) Service Pack 1; Esri ArcGIS 10.5.0.6491</envirDesc><dataExt><geoEle><GeoBndBox><exTypeCode>true</exTypeCode><westBL>18.3655</westBL><eastBL>20.131859</eastBL><southBL>46.956162</southBL><northBL>48.021929</northBL></GeoBndBox></geoEle></dataExt><dataExt><geoEle><GeoBndBox><exTypeCode>true</exTypeCode><westBL>13.764159</westBL><eastBL>15.48805</eastBL><southBL>49.470817</southBL><northBL>50.538008</northBL></GeoBndBox></geoEle></dataExt><dataExt><geoEle><GeoBndBox><exTypeCode>true</exTypeCode><westBL>7.761949</westBL><eastBL>8.420034</eastBL><southBL>49.970035</southBL><northBL>50.296897</northBL></GeoBndBox></geoEle></dataExt><dataExt><geoEle><GeoBndBox><exTypeCode>true</exTypeCode><westBL>16.785943</westBL><eastBL>17.595565</eastBL><southBL>47.984144</southBL><northBL>48.683021</northBL></GeoBndBox></geoEle></dataExt><dataExt><geoEle xmlns=""><GeoBndBox esriExtentType="search"><exTypeCode Sync="TRUE">1</exTypeCode><westBL Sync="TRUE">5.630330</westBL><eastBL Sync="TRUE">5.895883</eastBL><northBL Sync="TRUE">50.948346</northBL><southBL Sync="TRUE">50.750053</southBL></GeoBndBox></geoEle></dataExt><tpCat><TopicCatCd value="010"/></tpCat></dataIdInfo><dqInfo><dqScope><scpLvl><ScopeCd value="005"/></scpLvl></dqScope><report type="DQThemClassCor"><evalMethType><EvalMethTypeCd value="003"/></evalMethType><evalMethDesc>Internal Quality Check : S.I.R.S. External Quality Check : I.G.N.F.I.</evalMethDesc><measResult><ConResult><conExpl>Internal Quality Check : S.I.R.S. External Quality Check : I.G.N.F.I.</conExpl><conPass>true</conPass></ConResult></measResult></report><dataLineage><statement>Cartography based on satellite images Interpretation (SPOT 5 or ALOS : resolution 2,5 meters). Utilisation of ancillary data (google earth, city maps ,...). Production land use/cover maps for Functional Urban Area in Europe. Typology : 11100 Continuous Urban Fabric (S.L. &gt; 80%) 11210 Discontinuous Dense Urban Fabric (S.L. : 50% - 80%) 11220 Discontinuous Medium Density Urban Fabric (S.L. : 30% - 50%) 11230 Discontinuous Low Density Urban Fabric (S.L. : 10% - 30%) 11240 Discontinuous Very Low Density Urban Fabric (S.L. &lt; 10%) 11300 Isolated Structures 12100 Industrial, commercial, public, military and private units 12210 Fast transit roads and associated land 12220 Other roads and associated land 12230 Railways and associated land 12300 Port areas 12400 Airports 13100 Mineral extraction and dump sites 13300 Construction sites 13400 Land without current use 14100 Green urban areas 14200 Sports and leisure facilities 21000 Arable land (annual crops) 22000 Permanent crops (vineyards, fruit trees, olive groves) 23000 Pastures 24000 Complex and mixed cultivation patterns 25000 Orchards at the fringe of urban classes 25400 Clouds and shadows 25500 No data 31000 Forests 32000 Herbaceous vegetation associations (natural grassland, moors...) 33000 Open spaces with little or no vegetations (beaches, dunes, bare rocks, glaciers) 40000 Wetland 50000 Water bodies</statement></dataLineage></dqInfo><spatRepInfo><VectSpatRep><geometObjs Name="NL505L1_MAASTRICHT_UA2012"><geoObjTyp><GeoObjTypCd value="002" Sync="TRUE"></GeoObjTypCd></geoObjTyp><geoObjCnt Sync="TRUE">0</geoObjCnt></geometObjs><topLvl><TopoLevCd value="001" Sync="TRUE"></TopoLevCd></topLvl></VectSpatRep></spatRepInfo><refSysInfo><RefSystem><refSysID><identCode code="3035"/><idCodeSpace Sync="TRUE">EPSG</idCodeSpace><idVersion Sync="TRUE">8.1(9.0.0)</idVersion></refSysID></RefSystem></refSysInfo><mdExtInfo><extEleInfo><extEleName>EEADatasetChanges</extEleName><extShortName>DataChgEEA</extShortName><extEleDef>Changes since last version of dataset</extEleDef><extEleParEnt>Metadata/dqInfo/</extEleParEnt></extEleInfo><extEleInfo><extEleName>EEAPublishStatus</extEleName><extShortName>PubStaEEA</extShortName><extEleDef>Dataset and metadata publish status</extEleDef><extEleParEnt>Metadata/dqInfo/</extEleParEnt></extEleInfo><extEleInfo><extEleName>EEABriefAbstract</extEleName><extShortName>BrfAbsEEA</extShortName><extEleDef>Brief narrative summary of the content of the dataset (max. 100 characters)</extEleDef><extEleParEnt>Metadata/dataIdInfo/</extEleParEnt></extEleInfo></mdExtInfo><spdoinfo><ptvctinf><esriterm Name="NL505L1_MAASTRICHT_UA2012"><efeatyp Sync="TRUE">Simple</efeatyp><efeageom code="4" Sync="TRUE"></efeageom><esritopo Sync="TRUE">FALSE</esritopo><efeacnt Sync="TRUE">0</efeacnt><spindex Sync="TRUE">FALSE</spindex><linrefer Sync="TRUE">FALSE</linrefer></esriterm></ptvctinf></spdoinfo></metadata>
