<metadata xml:lang="en"><Esri><CreaDate>20190312</CreaDate><CreaTime>15521100</CreaTime><ArcGISFormat>1.0</ArcGISFormat><SyncOnce>FALSE</SyncOnce><DataProperties><itemProps><itemName Sync="TRUE">NL505L1_MAASTRICHT_UA2012_Boundary</itemName><imsContentType Sync="TRUE">002</imsContentType><itemLocation><linkage Sync="TRUE">file://\\EEAPC9207\F$\UA_Downloads\UA2012_tmpFold\NL505L1_MAASTRICHT_UA2012_Boundary.shp</linkage><protocol Sync="TRUE">Local Area Network</protocol></itemLocation><itemSize Sync="TRUE">0.000</itemSize></itemProps><coordRef><type Sync="TRUE">Projected</type><geogcsn Sync="TRUE">GCS_ETRS_1989</geogcsn><csUnits Sync="TRUE">Linear Unit: Meter (1.000000)</csUnits><projcsn Sync="TRUE">ETRS_1989_LAEA</projcsn><peXml Sync="TRUE">&lt;ProjectedCoordinateSystem xsi:type='typens:ProjectedCoordinateSystem' xmlns:xsi='http://www.w3.org/2001/XMLSchema-instance' xmlns:xs='http://www.w3.org/2001/XMLSchema' xmlns:typens='http://www.esri.com/schemas/ArcGIS/10.5'&gt;&lt;WKT&gt;PROJCS[&amp;quot;ETRS_1989_LAEA&amp;quot;,GEOGCS[&amp;quot;GCS_ETRS_1989&amp;quot;,DATUM[&amp;quot;D_ETRS_1989&amp;quot;,SPHEROID[&amp;quot;GRS_1980&amp;quot;,6378137.0,298.257222101]],PRIMEM[&amp;quot;Greenwich&amp;quot;,0.0],UNIT[&amp;quot;Degree&amp;quot;,0.0174532925199433]],PROJECTION[&amp;quot;Lambert_Azimuthal_Equal_Area&amp;quot;],PARAMETER[&amp;quot;False_Easting&amp;quot;,4321000.0],PARAMETER[&amp;quot;False_Northing&amp;quot;,3210000.0],PARAMETER[&amp;quot;Central_Meridian&amp;quot;,10.0],PARAMETER[&amp;quot;Latitude_Of_Origin&amp;quot;,52.0],UNIT[&amp;quot;Meter&amp;quot;,1.0],AUTHORITY[&amp;quot;EPSG&amp;quot;,3035]]&lt;/WKT&gt;&lt;XOrigin&gt;-8426600&lt;/XOrigin&gt;&lt;YOrigin&gt;-9526700&lt;/YOrigin&gt;&lt;XYScale&gt;353290001.83332509&lt;/XYScale&gt;&lt;ZOrigin&gt;-100000&lt;/ZOrigin&gt;&lt;ZScale&gt;10000&lt;/ZScale&gt;&lt;MOrigin&gt;-100000&lt;/MOrigin&gt;&lt;MScale&gt;10000&lt;/MScale&gt;&lt;XYTolerance&gt;0.001&lt;/XYTolerance&gt;&lt;ZTolerance&gt;0.001&lt;/ZTolerance&gt;&lt;MTolerance&gt;0.001&lt;/MTolerance&gt;&lt;HighPrecision&gt;true&lt;/HighPrecision&gt;&lt;WKID&gt;3035&lt;/WKID&gt;&lt;LatestWKID&gt;3035&lt;/LatestWKID&gt;&lt;/ProjectedCoordinateSystem&gt;</peXml></coordRef><lineage><Process ToolSource="c:\program files (x86)\arcgis\desktop10.5\ArcToolbox\Toolboxes\Conversion Tools.tbx\FeatureClassToFeatureClass" Date="20190312" Time="154847">FeatureClassToFeatureClass F:\UA_Redel_2017\FUA_Boundaries\Datasets\UA2012_Boundaries_OrigRevExt_788\FullFUA_Boundaries_Version2\UA2012_FUA_Boundaries_20190208.shp F:\UA_Redel_2017\FUA_Boundaries\UA2012_Latest_Boundary.gdb UA2012_FUA_Boundaries_20190208_LAEA # "COUNTRY "COUNTRY" true true false 2 Text 0 0 ,First,#,F:\UA_Redel_2017\FUA_Boundaries\Datasets\UA2012_Boundaries_OrigRevExt_788\FullFUA_Boundaries_Version2\UA2012_FUA_Boundaries_20190208.shp,COUNTRY,-1,-1;FUA_CODE "FUA_CODE" true true false 7 Text 0 0 ,First,#,F:\UA_Redel_2017\FUA_Boundaries\Datasets\UA2012_Boundaries_OrigRevExt_788\FullFUA_Boundaries_Version2\UA2012_FUA_Boundaries_20190208.shp,FUA_CODE,-1,-1;FUA_NAME "FUA_NAME" true true false 50 Text 0 0 ,First,#,F:\UA_Redel_2017\FUA_Boundaries\Datasets\UA2012_Boundaries_OrigRevExt_788\FullFUA_Boundaries_Version2\UA2012_FUA_Boundaries_20190208.shp,FUA_NAME,-1,-1;LU12_AVAIL "LU12_AVAIL" true true false 3 Text 0 0 ,First,#,F:\UA_Redel_2017\FUA_Boundaries\Datasets\UA2012_Boundaries_OrigRevExt_788\FullFUA_Boundaries_Version2\UA2012_FUA_Boundaries_20190208.shp,LU12_AVAIL,-1,-1;LU12_DATE "LU12_DATE" true true false 15 Text 0 0 ,First,#,F:\UA_Redel_2017\FUA_Boundaries\Datasets\UA2012_Boundaries_OrigRevExt_788\FullFUA_Boundaries_Version2\UA2012_FUA_Boundaries_20190208.shp,LU12_DATE,-1,-1;SC1_TASK "SC1_TASK" true true false 15 Text 0 0 ,First,#,F:\UA_Redel_2017\FUA_Boundaries\Datasets\UA2012_Boundaries_OrigRevExt_788\FullFUA_Boundaries_Version2\UA2012_FUA_Boundaries_20190208.shp,SC1_TASK,-1,-1;SC1_FUATYP "SC1_FUATYP" true true false 20 Text 0 0 ,First,#,F:\UA_Redel_2017\FUA_Boundaries\Datasets\UA2012_Boundaries_OrigRevExt_788\FullFUA_Boundaries_Version2\UA2012_FUA_Boundaries_20190208.shp,SC1_FUATYP,-1,-1;AREA_KM2 "AREA_KM2" true true false 19 Double 0 0 ,First,#,F:\UA_Redel_2017\FUA_Boundaries\Datasets\UA2012_Boundaries_OrigRevExt_788\FullFUA_Boundaries_Version2\UA2012_FUA_Boundaries_20190208.shp,AREA_KM2,-1,-1;URBAN_KM2 "URBAN_KM2" true true false 19 Double 0 0 ,First,#,F:\UA_Redel_2017\FUA_Boundaries\Datasets\UA2012_Boundaries_OrigRevExt_788\FullFUA_Boundaries_Version2\UA2012_FUA_Boundaries_20190208.shp,URBAN_KM2,-1,-1;URBAN_RATE "URBAN_RATE" true true false 19 Double 0 0 ,First,#,F:\UA_Redel_2017\FUA_Boundaries\Datasets\UA2012_Boundaries_OrigRevExt_788\FullFUA_Boundaries_Version2\UA2012_FUA_Boundaries_20190208.shp,URBAN_RATE,-1,-1;STL12_AVAI "STL12_AVAI" true true false 3 Text 0 0 ,First,#,F:\UA_Redel_2017\FUA_Boundaries\Datasets\UA2012_Boundaries_OrigRevExt_788\FullFUA_Boundaries_Version2\UA2012_FUA_Boundaries_20190208.shp,STL12_AVAI,-1,-1;STL12_DATE "STL12_DATE" true true false 15 Text 0 0 ,First,#,F:\UA_Redel_2017\FUA_Boundaries\Datasets\UA2012_Boundaries_OrigRevExt_788\FullFUA_Boundaries_Version2\UA2012_FUA_Boundaries_20190208.shp,STL12_DATE,-1,-1;STL_AREA "STL_AREA" true true false 19 Double 0 0 ,First,#,F:\UA_Redel_2017\FUA_Boundaries\Datasets\UA2012_Boundaries_OrigRevExt_788\FullFUA_Boundaries_Version2\UA2012_FUA_Boundaries_20190208.shp,STL_AREA,-1,-1;STL_RATE "STL_RATE" true true false 19 Double 0 0 ,First,#,F:\UA_Redel_2017\FUA_Boundaries\Datasets\UA2012_Boundaries_OrigRevExt_788\FullFUA_Boundaries_Version2\UA2012_FUA_Boundaries_20190208.shp,STL_RATE,-1,-1;COMMENTS "COMMENTS" true true false 120 Text 0 0 ,First,#,F:\UA_Redel_2017\FUA_Boundaries\Datasets\UA2012_Boundaries_OrigRevExt_788\FullFUA_Boundaries_Version2\UA2012_FUA_Boundaries_20190208.shp,COMMENTS,-1,-1" #</Process><Process ToolSource="c:\program files (x86)\arcgis\desktop10.5\ArcToolbox\Toolboxes\Data Management Tools.tbx\Project" Date="20190312" Time="155218">Project F:\UA_Redel_2017\FUA_Boundaries\UA2012_Latest_Boundary.gdb\UA2012_FUA_Boundaries_20190208_LAEA F:\UA_Redel_2017\FUA_Boundaries\UA2012_Latest_Boundary.gdb\UA2012_FUA_Boundaries_20190208_LAEA2 PROJCS['ETRS_1989_LAEA',GEOGCS['GCS_ETRS_1989',DATUM['D_ETRS_1989',SPHEROID['GRS_1980',6378137.0,298.257222101]],PRIMEM['Greenwich',0.0],UNIT['Degree',0.0174532925199433]],PROJECTION['Lambert_Azimuthal_Equal_Area'],PARAMETER['False_Easting',4321000.0],PARAMETER['False_Northing',3210000.0],PARAMETER['Central_Meridian',10.0],PARAMETER['Latitude_Of_Origin',52.0],UNIT['Meter',1.0]] # PROJCS['ETRS89_LAEA_Europe',GEOGCS['GCS_ETRS_1989',DATUM['D_ETRS_1989',SPHEROID['GRS_1980',6378137.0,298.257222101]],PRIMEM['Greenwich',0.0],UNIT['Degree',0.0174532925199433]],PROJECTION['Lambert_Azimuthal_Equal_Area'],PARAMETER['false_easting',4321000.0],PARAMETER['false_northing',3210000.0],PARAMETER['central_meridian',10.0],PARAMETER['latitude_of_origin',52.0],UNIT['Meter',1.0]] NO_PRESERVE_SHAPE # NO_VERTICAL</Process><Process ToolSource="c:\program files (x86)\arcgis\desktop10.5\ArcToolbox\Toolboxes\Data Management Tools.tbx\CopyFeatures" Date="20190823" Time="160117">CopyFeatures NL505_tempBound_lyr F:\UA_Redel_2017\InputFolder\LatestFUA\CompiledFUAs2\NL505L1_MAASTRICHT\NL505L1_MAASTRICHT.gdb\NL505L1_MAASTRICHT\NL505L1_MAASTRICHT_UA2012_Boundary # 0 0 0</Process><Process ToolSource="c:\program files (x86)\arcgis\desktop10.5\ArcToolbox\Toolboxes\Data Management Tools.tbx\AddField" Date="20190823" Time="171625">AddField F:\UA_Redel_2017\InputFolder\LatestFUA\CompiledFUAs2\NL505L1_MAASTRICHT\NL505L1_MAASTRICHT.gdb\NL505L1_MAASTRICHT_UA2012_Boundary Pop2012 LONG # # # # NULLABLE NON_REQUIRED #</Process><Process ToolSource="c:\program files (x86)\arcgis\desktop10.5\ArcToolbox\Toolboxes\Data Management Tools.tbx\CopyFeatures" Date="20190826" Time="195542">CopyFeatures F:\UA_Redel_2017\InputFolder\LatestFUA\CompiledFUAs\NL505L1_MAASTRICHT\NL505L1_MAASTRICHT.gdb\NL505L1_MAASTRICHT\NL505L1_MAASTRICHT_UA2012_Boundary F:\UA_Downloads\UA2012_tmpFold\NL505L1_MAASTRICHT_UA2012_Boundary.shp # 0 0 0</Process></lineage></DataProperties><SyncDate>20190826</SyncDate><SyncTime>19554200</SyncTime><ModDate>20190826</ModDate><ModTime>19554200</ModTime></Esri><dataIdInfo><envirDesc Sync="TRUE">Microsoft Windows 7 Version 6.1 (Build 7601) Service Pack 1; Esri ArcGIS 10.5.0.6491</envirDesc><dataLang><languageCode value="eng" Sync="TRUE"></languageCode><countryCode value="GBR" Sync="TRUE"></countryCode></dataLang><idCitation><resTitle Sync="TRUE">NL505L1_MAASTRICHT_UA2012_Boundary</resTitle><presForm><PresFormCd value="005" Sync="TRUE"></PresFormCd></presForm></idCitation><spatRpType><SpatRepTypCd value="001" Sync="TRUE"></SpatRepTypCd></spatRpType></dataIdInfo><mdLang><languageCode value="eng" Sync="TRUE"></languageCode><countryCode value="GBR" Sync="TRUE"></countryCode></mdLang><distInfo><distFormat><formatName Sync="TRUE">Shapefile</formatName></distFormat><distTranOps><transSize Sync="TRUE">0.000</transSize></distTranOps></distInfo><mdHrLv><ScopeCd value="005" Sync="TRUE"></ScopeCd></mdHrLv><mdHrLvName Sync="TRUE">dataset</mdHrLvName><refSysInfo><RefSystem><refSysID><identCode code="3035" Sync="TRUE"></identCode><idCodeSpace Sync="TRUE">EPSG</idCodeSpace><idVersion Sync="TRUE">8.1(9.0.0)</idVersion></refSysID></RefSystem></refSysInfo><spatRepInfo><VectSpatRep><geometObjs Name="NL505L1_MAASTRICHT_UA2012_Boundary"><geoObjTyp><GeoObjTypCd value="002" Sync="TRUE"></GeoObjTypCd></geoObjTyp><geoObjCnt Sync="TRUE">0</geoObjCnt></geometObjs><topLvl><TopoLevCd value="001" Sync="TRUE"></TopoLevCd></topLvl></VectSpatRep></spatRepInfo><spdoinfo><ptvctinf><esriterm Name="NL505L1_MAASTRICHT_UA2012_Boundary"><efeatyp Sync="TRUE">Simple</efeatyp><efeageom code="4" Sync="TRUE"></efeageom><esritopo Sync="TRUE">FALSE</esritopo><efeacnt Sync="TRUE">0</efeacnt><spindex Sync="TRUE">FALSE</spindex><linrefer Sync="TRUE">FALSE</linrefer></esriterm></ptvctinf></spdoinfo><eainfo><detailed Name="NL505L1_MAASTRICHT_UA2012_Boundary"><enttyp><enttypl Sync="TRUE">NL505L1_MAASTRICHT_UA2012_Boundary</enttypl><enttypt Sync="TRUE">Feature Class</enttypt><enttypc Sync="TRUE">0</enttypc></enttyp><attr><attrlabl Sync="TRUE">FID</attrlabl><attalias Sync="TRUE">FID</attalias><attrtype Sync="TRUE">OID</attrtype><attwidth Sync="TRUE">4</attwidth><atprecis Sync="TRUE">0</atprecis><attscale Sync="TRUE">0</attscale><attrdef Sync="TRUE">Internal feature number.</attrdef><attrdefs Sync="TRUE">Esri</attrdefs><attrdomv><udom Sync="TRUE">Sequential unique whole numbers that are automatically generated.</udom></attrdomv></attr><attr><attrlabl Sync="TRUE">Shape</attrlabl><attalias Sync="TRUE">Shape</attalias><attrtype Sync="TRUE">Geometry</attrtype><attwidth Sync="TRUE">0</attwidth><atprecis Sync="TRUE">0</atprecis><attscale Sync="TRUE">0</attscale><attrdef Sync="TRUE">Feature geometry.</attrdef><attrdefs Sync="TRUE">Esri</attrdefs><attrdomv><udom Sync="TRUE">Coordinates defining the features.</udom></attrdomv></attr><attr><attrlabl Sync="TRUE">COUNTRY</attrlabl><attalias Sync="TRUE">COUNTRY</attalias><attrtype Sync="TRUE">String</attrtype><attwidth Sync="TRUE">2</attwidth><atprecis Sync="TRUE">0</atprecis><attscale Sync="TRUE">0</attscale></attr><attr><attrlabl Sync="TRUE">FUA_CODE</attrlabl><attalias Sync="TRUE">FUA_CODE</attalias><attrtype Sync="TRUE">String</attrtype><attwidth Sync="TRUE">7</attwidth><atprecis Sync="TRUE">0</atprecis><attscale Sync="TRUE">0</attscale></attr><attr><attrlabl Sync="TRUE">FUA_NAME</attrlabl><attalias Sync="TRUE">FUA_NAME</attalias><attrtype Sync="TRUE">String</attrtype><attwidth Sync="TRUE">50</attwidth><atprecis Sync="TRUE">0</atprecis><attscale Sync="TRUE">0</attscale></attr><attr><attrlabl Sync="TRUE">LU12_AVAIL</attrlabl><attalias Sync="TRUE">LU12_AVAIL</attalias><attrtype Sync="TRUE">String</attrtype><attwidth Sync="TRUE">3</attwidth><atprecis Sync="TRUE">0</atprecis><attscale Sync="TRUE">0</attscale></attr><attr><attrlabl Sync="TRUE">LU12_DATE</attrlabl><attalias Sync="TRUE">LU12_DATE</attalias><attrtype Sync="TRUE">String</attrtype><attwidth Sync="TRUE">15</attwidth><atprecis Sync="TRUE">0</atprecis><attscale Sync="TRUE">0</attscale></attr><attr><attrlabl Sync="TRUE">SC1_TASK</attrlabl><attalias Sync="TRUE">SC1_TASK</attalias><attrtype Sync="TRUE">String</attrtype><attwidth Sync="TRUE">15</attwidth><atprecis Sync="TRUE">0</atprecis><attscale Sync="TRUE">0</attscale></attr><attr><attrlabl Sync="TRUE">SC1_FUATYP</attrlabl><attalias Sync="TRUE">SC1_FUATYP</attalias><attrtype Sync="TRUE">String</attrtype><attwidth Sync="TRUE">20</attwidth><atprecis Sync="TRUE">0</atprecis><attscale Sync="TRUE">0</attscale></attr><attr><attrlabl Sync="TRUE">AREA_KM2</attrlabl><attalias Sync="TRUE">AREA_KM2</attalias><attrtype Sync="TRUE">Double</attrtype><attwidth Sync="TRUE">19</attwidth><atprecis Sync="TRUE">0</atprecis><attscale Sync="TRUE">0</attscale></attr><attr><attrlabl Sync="TRUE">URBAN_KM2</attrlabl><attalias Sync="TRUE">URBAN_KM2</attalias><attrtype Sync="TRUE">Double</attrtype><attwidth Sync="TRUE">19</attwidth><atprecis Sync="TRUE">0</atprecis><attscale Sync="TRUE">0</attscale></attr><attr><attrlabl Sync="TRUE">URBAN_RATE</attrlabl><attalias Sync="TRUE">URBAN_RATE</attalias><attrtype Sync="TRUE">Double</attrtype><attwidth Sync="TRUE">19</attwidth><atprecis Sync="TRUE">0</atprecis><attscale Sync="TRUE">0</attscale></attr><attr><attrlabl Sync="TRUE">STL12_AVAI</attrlabl><attalias Sync="TRUE">STL12_AVAI</attalias><attrtype Sync="TRUE">String</attrtype><attwidth Sync="TRUE">3</attwidth><atprecis Sync="TRUE">0</atprecis><attscale Sync="TRUE">0</attscale></attr><attr><attrlabl Sync="TRUE">STL12_DATE</attrlabl><attalias Sync="TRUE">STL12_DATE</attalias><attrtype Sync="TRUE">String</attrtype><attwidth Sync="TRUE">15</attwidth><atprecis Sync="TRUE">0</atprecis><attscale Sync="TRUE">0</attscale></attr><attr><attrlabl Sync="TRUE">STL_AREA</attrlabl><attalias Sync="TRUE">STL_AREA</attalias><attrtype Sync="TRUE">Double</attrtype><attwidth Sync="TRUE">19</attwidth><atprecis Sync="TRUE">0</atprecis><attscale Sync="TRUE">0</attscale></attr><attr><attrlabl Sync="TRUE">STL_RATE</attrlabl><attalias Sync="TRUE">STL_RATE</attalias><attrtype Sync="TRUE">Double</attrtype><attwidth Sync="TRUE">19</attwidth><atprecis Sync="TRUE">0</atprecis><attscale Sync="TRUE">0</attscale></attr><attr><attrlabl Sync="TRUE">COMMENTS</attrlabl><attalias Sync="TRUE">COMMENTS</attalias><attrtype Sync="TRUE">String</attrtype><attwidth Sync="TRUE">120</attwidth><atprecis Sync="TRUE">0</atprecis><attscale Sync="TRUE">0</attscale></attr><attr><attrlabl Sync="TRUE">Shape_Leng</attrlabl><attalias Sync="TRUE">Shape_Leng</attalias><attrtype Sync="TRUE">Double</attrtype><attwidth Sync="TRUE">19</attwidth><atprecis Sync="TRUE">0</atprecis><attscale Sync="TRUE">0</attscale></attr><attr><attrlabl Sync="TRUE">Shape_Area</attrlabl><attalias Sync="TRUE">Shape_Area</attalias><attrtype Sync="TRUE">Double</attrtype><attwidth Sync="TRUE">19</attwidth><atprecis Sync="TRUE">0</atprecis><attscale Sync="TRUE">0</attscale><attrdef Sync="TRUE">Area of feature in internal units squared.</attrdef><attrdefs Sync="TRUE">Esri</attrdefs><attrdomv><udom Sync="TRUE">Positive real numbers that are automatically generated.</udom></attrdomv></attr><attr><attrlabl Sync="TRUE">Pop2012</attrlabl><attalias Sync="TRUE">Pop2012</attalias><attrtype Sync="TRUE">Integer</attrtype><attwidth Sync="TRUE">10</attwidth><atprecis Sync="TRUE">10</atprecis><attscale Sync="TRUE">0</attscale></attr></detailed></eainfo><mdDateSt Sync="TRUE">20190826</mdDateSt></metadata>
